{"MusicVolume":0.12857143580913545,"SoundsVolume":0.8357142806053162}